Track URI,Track Name,Album Name,Artist Name(s),Release Date,Duration (ms),Popularity,Explicit,Added By,Added At,Genres,Record Label,Danceability,Energy,Key,Loudness,Mode,Speechiness,Acousticness,Instrumentalness,Liveness,Valence,Tempo,Time Signature
spotify:track:7afO2RPSVnqn9v2j1kdFee,"Down Peterksaya Street","The CCCP Years","The Red Army Choir",2021-04-30,145600,5,false,azvwtt6iohg3hran3hxv47xn6,2026-02-09T19:59:23Z,"","Kosmos",0.504,0.464,3,-5.411,1,0.122,0.889,0.00000589,0.242,0.61,125.656,4
spotify:track:5XNQoHjc8xwnijq3NZRZcs,"The Lenin Song","The CCCP Years","The Red Army Choir",2021-04-30,337000,6,false,azvwtt6iohg3hran3hxv47xn6,2026-02-09T19:59:23Z,"","Kosmos",0.294,0.671,3,-3.837,1,0.0589,0.986,0.563,0.745,0.274,134.546,4
spotify:track:42ZMsqgEAJFFW9nVxs71GD,"Souliko","The CCCP Years","The Red Army Choir",2021-04-30,288600,9,false,azvwtt6iohg3hran3hxv47xn6,2026-02-09T19:59:23Z,"","Kosmos",0.235,0.198,7,-20.039,1,0.0428,0.991,0.941,0.109,0.0721,111.271,5
spotify:track:69kLxZWLZXO6XyClUgZg4t,"A Soldier's Song","The CCCP Years","The Red Army Choir",2021-04-30,181600,34,false,azvwtt6iohg3hran3hxv47xn6,2026-02-09T19:59:23Z,"","Kosmos",0.542,0.732,4,-9.346,0,0.0407,0.944,0.0000243,0.106,0.348,102.03,4
spotify:track:5JzQfjXXIlsmcCfhPzWMdB,"Smuglianka","The CCCP Years","The Red Army Choir",2021-04-30,200200,12,false,azvwtt6iohg3hran3hxv47xn6,2026-02-09T19:59:23Z,"","Kosmos",0.398,0.48,5,-9.909,0,0.0554,0.973,0.000597,0.502,0.431,80.14,4
spotify:track:4HaVZmdhaZM3bDMMvO0Eo1,"Our Fatherland","The CCCP Years","The Red Army Choir",2021-04-30,214600,25,false,azvwtt6iohg3hran3hxv47xn6,2026-02-09T19:59:23Z,"","Kosmos",0.124,0.603,0,-7.79,1,0.0456,0.929,0.687,0.0675,0.203,171.911,3
spotify:track:5vLQw00Mng3ug9FVpgegJw,"Slavery and Suffering","The CCCP Years","The Red Army Choir",2021-04-30,253600,11,false,azvwtt6iohg3hran3hxv47xn6,2026-02-09T19:59:23Z,"","Kosmos",0.171,0.166,7,-23.488,0,0.0685,0.987,0.048,0.0965,0.0387,75.382,3
spotify:track:2ba6xLX7wD7faJNw5HxQk2,"Stenka Razine's Secret Island","The CCCP Years","The Red Army Choir;Boris Alexandrov",2021-04-30,369000,6,false,azvwtt6iohg3hran3hxv47xn6,2026-02-09T19:59:23Z,"","Kosmos",0.26,0.312,3,-11.793,1,0.0423,0.984,0.524,0.229,0.162,98.635,3
spotify:track:62H1VWDmB6mQDynfIMTY2l,"The Cliff","The CCCP Years","The Red Army Choir",2021-04-30,391000,6,false,azvwtt6iohg3hran3hxv47xn6,2026-02-09T19:59:23Z,"","Kosmos",0.214,0.308,1,-13.604,0,0.0426,0.992,0.00771,0.0482,0.069,129.883,3
spotify:track:7I5RAzwR0OzAbjQHeqGnRA,"The Cossacks","The CCCP Years","The Red Army Choir",2021-04-30,125800,8,false,azvwtt6iohg3hran3hxv47xn6,2026-02-09T19:59:23Z,"","Kosmos",0.403,0.564,7,-10.45,1,0.365,0.934,0,0.452,0.527,200.207,4
spotify:track:1NOZDLLkvtUUHTpUYrYodZ,"Moscow Nights","The CCCP Years","The Red Army Choir",2021-04-30,231600,10,false,azvwtt6iohg3hran3hxv47xn6,2026-02-09T19:59:23Z,"","Kosmos",0.325,0.293,4,-14.129,0,0.0395,0.938,0.00261,0.312,0.318,89.057,4
spotify:track:490YC8peEFyFyEZ2jpgaJ3,"Troika Galop","The CCCP Years","The Red Army Choir",2021-04-30,165600,4,false,azvwtt6iohg3hran3hxv47xn6,2026-02-09T19:59:23Z,"","Kosmos",0.352,0.68,7,-7.121,0,0.119,0.779,0.0174,0.554,0.433,170.051,4
spotify:track:1n5F1oCv3QZ7zDjM36Bkld,"My Army","The CCCP Years","The Red Army Choir",2021-04-30,198200,15,false,azvwtt6iohg3hran3hxv47xn6,2026-02-09T19:59:23Z,"","Kosmos",0.461,0.781,1,-7.224,1,0.0729,0.871,0.0148,0.408,0.399,115.201,4
spotify:track:708LhjwVPULJGjjbtZCnjP,"Army's Maestros","The CCCP Years","The Red Army Choir",2021-04-30,197800,7,false,azvwtt6iohg3hran3hxv47xn6,2026-02-09T19:59:23Z,"","Kosmos",0.48,0.542,6,-9.644,0,0.34,0.888,0.00451,0.192,0.577,119.583,4
spotify:track:1jMi8ydrH5jyaI3Ywk4gwR,"Ah Nastassia","The CCCP Years","The Red Army Choir",2021-04-30,217800,24,false,azvwtt6iohg3hran3hxv47xn6,2026-02-09T19:59:23Z,"","Kosmos",0.475,0.533,0,-9.307,0,0.159,0.962,0.00126,0.212,0.61,146.98,4
spotify:track:16aaebvhRPN7kEAXV96oa5,"In the Central Steppes","The CCCP Years","The Red Army Choir",2021-04-30,350600,17,false,azvwtt6iohg3hran3hxv47xn6,2026-02-09T19:59:23Z,"","Kosmos",0.138,0.217,0,-13.813,1,0.0344,0.961,0.0274,0.0983,0.105,85.908,4
spotify:track:0Ds5Og2OjaP38WzyqEvQ6C,"Gandzia","The CCCP Years","The Red Army Choir",2021-04-30,158800,5,false,azvwtt6iohg3hran3hxv47xn6,2026-02-09T19:59:23Z,"","Kosmos",0.379,0.521,0,-9.024,1,0.035,0.984,0.184,0.134,0.737,91.113,4
spotify:track:3Uvn61qnPHRYFHrrRO7qwI,"The Roads","The CCCP Years","The Red Army Choir",2021-04-30,335000,17,false,azvwtt6iohg3hran3hxv47xn6,2026-02-09T19:59:23Z,"","Kosmos",0.204,0.214,7,-14.848,0,0.054,0.976,0.00587,0.16,0.0619,85.968,4
spotify:track:5FJN52oyeLGfkKy2bqr2Pu,"On the Road","The CCCP Years","The Red Army Choir",2021-04-30,200400,8,false,azvwtt6iohg3hran3hxv47xn6,2026-02-09T19:59:23Z,"","Kosmos",0.543,0.609,0,-11.434,1,0.201,0.91,0.388,0.119,0.313,128.012,4
spotify:track:42uZs4RLmg6yyRM6s2knkh,"A Birch-Tree in a Field Did Stand","The CCCP Years","The Red Army Choir",2021-04-30,200400,7,false,azvwtt6iohg3hran3hxv47xn6,2026-02-09T19:59:23Z,"","Kosmos",0.543,0.609,0,-11.434,1,0.201,0.91,0.388,0.119,0.313,128.012,4
spotify:track:1FXywX2fxcjQ0TyDUmJmz0,"The Road Song","The CCCP Years","The Red Army Choir",2021-04-30,119000,3,false,azvwtt6iohg3hran3hxv47xn6,2026-02-09T19:59:23Z,"","Kosmos",0.386,0.537,5,-11.562,1,0.0823,0.989,0.00000249,0.15,0.368,122.289,4
spotify:track:3589NS3oX8ptCTUQJMWd37,"The Samovars","The CCCP Years","The Red Army Choir",2021-04-30,150400,6,false,azvwtt6iohg3hran3hxv47xn6,2026-02-09T19:59:23Z,"","Kosmos",0.661,0.85,7,-6.704,1,0.0575,0.869,0.054,0.283,0.769,84.015,4
spotify:track:5QQxPGB2k0ggs6tGKirMnd,"Varchavianka","The CCCP Years","The Red Army Choir",2021-04-30,222000,9,false,azvwtt6iohg3hran3hxv47xn6,2026-02-09T19:59:23Z,"","Kosmos",0.398,0.171,5,-13.733,1,0.0372,0.989,0,0.141,0.224,81.422,4
spotify:track:1APDmy0NNXTPd2P8xYtIMN,"Soldier's Dance","The CCCP Years","The Red Army Choir",2021-04-30,359600,7,false,azvwtt6iohg3hran3hxv47xn6,2026-02-09T19:59:23Z,"","Kosmos",0.41,0.645,10,-9.844,1,0.0445,0.842,0.751,0.089,0.717,115.969,4
spotify:track:75oBg8ZRaKqgWAT8IrVMh1,"The Bush's Lament","The CCCP Years","The Red Army Choir",2021-04-30,114400,2,false,azvwtt6iohg3hran3hxv47xn6,2026-02-09T19:59:23Z,"","Kosmos",0.238,0.371,2,-10.743,1,0.0424,0.992,0.461,0.201,0.209,149.94,5
spotify:track:3gvKYRU2M92VxLkvTPA4QR,"The Stream's Maiden","The CCCP Years","The Red Army Choir",2021-04-30,149000,2,false,azvwtt6iohg3hran3hxv47xn6,2026-02-09T19:59:23Z,"","Kosmos",0.542,0.255,5,-12.776,1,0.112,0.969,0.00000752,0.271,0.574,140.816,5
spotify:track:664tkOQPJBnVHm5rzqHwgO,"Funiculi Funicula","The CCCP Years","The Red Army Choir",2021-04-30,142400,5,false,azvwtt6iohg3hran3hxv47xn6,2026-02-09T19:59:23Z,"","Kosmos",0.657,0.381,5,-10.503,1,0.119,0.974,0.0126,0.675,0.56,71.225,4
spotify:track:3ZGNX1lrG0PV5cQKBIGYI0,"Kamarinskaya","The CCCP Years","The Red Army Choir",2021-04-30,212000,2,false,azvwtt6iohg3hran3hxv47xn6,2026-02-09T19:59:23Z,"","Kosmos",0.46,0.269,9,-21.748,1,0.0445,0.977,0.896,0.119,0.398,98.105,4
spotify:track:4LVEMB6Mir0rt1FGeZG9zX,"Soviet Army's Song","The CCCP Years","The Red Army Choir",2021-04-30,131000,8,false,azvwtt6iohg3hran3hxv47xn6,2026-02-09T19:59:23Z,"","Kosmos",0.518,0.674,10,-6.295,1,0.0465,0.991,0.000954,0.253,0.444,123.637,4
spotify:track:5ViZNnA4ThcEazlpjXJi7V,"The Swallow","The CCCP Years","The Red Army Choir",2021-04-30,189400,2,false,azvwtt6iohg3hran3hxv47xn6,2026-02-09T19:59:23Z,"","Kosmos",0.146,0.186,5,-12.616,1,0.0411,0.952,0.000112,0.158,0.213,172.047,4
spotify:track:3zLD4AWOhmB0h7DBseYHqr,"Sucu sucu","The CCCP Years","The Red Army Choir",2021-04-30,136600,3,false,azvwtt6iohg3hran3hxv47xn6,2026-02-09T19:59:23Z,"","Kosmos",0.325,0.589,3,-7.672,1,0.105,0.923,0.000251,0.352,0.403,172.424,4
spotify:track:0pqMpOr5lQjjHgPkXwAzjw,"The Hammer Song","The CCCP Years","The Red Army Choir",2021-04-30,221800,4,false,azvwtt6iohg3hran3hxv47xn6,2026-02-09T19:59:23Z,"","Kosmos",0.278,0.367,2,-7.8,1,0.0353,0.991,0.178,0.201,0.463,87.692,4
spotify:track:4d0UFXQxlb9BaNMMbA3IhQ,"Adelita","The CCCP Years","The Red Army Choir",2021-04-30,283000,3,false,azvwtt6iohg3hran3hxv47xn6,2026-02-09T19:59:23Z,"","Kosmos",0.447,0.382,9,-9.321,1,0.0619,0.924,0,0.598,0.446,130.142,4
spotify:track:06hKxNvcoNXXiBCx5qyqSd,"Coachman, Save Your Horses","The CCCP Years","The Red Army Choir",2021-04-30,167600,6,false,azvwtt6iohg3hran3hxv47xn6,2026-02-09T19:59:23Z,"","Kosmos",0.61,0.576,5,-7.928,0,0.0407,0.995,0.064,0.165,0.611,94.592,4
spotify:track:42oCqSWKMxVnBZlJqm5YZU,"Twilight's Fires","The CCCP Years","The Red Army Choir",2021-04-30,199200,27,false,azvwtt6iohg3hran3hxv47xn6,2026-02-09T19:59:23Z,"","Kosmos",0.399,0.436,3,-11.572,1,0.139,0.99,0.0946,0.355,0.403,119.551,3
spotify:track:3flD1GnSFzuf33PGR0z64i,"The Night","The CCCP Years","The Red Army Choir",2021-04-30,271200,3,false,azvwtt6iohg3hran3hxv47xn6,2026-02-09T19:59:23Z,"","Kosmos",0.124,0.278,9,-13.654,0,0.0413,0.99,0.103,0.0907,0.132,85.489,3
spotify:track:5qxVRD4DmjcGksHo8a1jXF,"On The Hill","The CCCP Years","The Red Army Choir",2021-04-30,155800,3,false,azvwtt6iohg3hran3hxv47xn6,2026-02-09T19:59:23Z,"","Kosmos",0.348,0.568,6,-7.875,0,0.0825,0.975,0.00837,0.33,0.583,66.399,4
spotify:track:2cjGfYZR4qjgonCXNmVtcF,"The Russian Partisan's Song","The CCCP Years","The Red Army Choir",2021-04-30,169400,12,false,azvwtt6iohg3hran3hxv47xn6,2026-02-09T19:59:23Z,"","Kosmos",0.501,0.284,11,-9.881,0,0.036,0.987,0,0.211,0.189,93.229,4
spotify:track:698xEo2c5iOL4Ix9cS4hcl,"I'll Take a Bandore","The CCCP Years","The Red Army Choir",2021-04-30,337600,2,false,azvwtt6iohg3hran3hxv47xn6,2026-02-09T19:59:23Z,"","Kosmos",0.125,0.136,0,-15.711,0,0.0412,0.99,0.242,0.108,0.111,179.639,5
spotify:track:0OMvrgFJYMitoQAbdTLacQ,"Near the River","The CCCP Years","The Red Army Choir",2021-04-30,194200,4,false,azvwtt6iohg3hran3hxv47xn6,2026-02-09T19:59:23Z,"","Kosmos",0.383,0.425,9,-8.403,0,0.0472,0.986,0.0000374,0.195,0.423,87.565,4
spotify:track:7488Fo8kkY9ZHtYrg1rpHn,"Moonlight","The CCCP Years","The Red Army Choir",2021-04-30,211800,3,false,azvwtt6iohg3hran3hxv47xn6,2026-02-09T19:59:23Z,"","Kosmos",0.287,0.327,10,-10.427,0,0.0408,0.982,0.00164,0.148,0.0724,87.607,4
spotify:track:2BsO31pd5aXlD1n6qrbCi5,"The Grey Cuckoo","The CCCP Years","The Red Army Choir",2021-04-30,217400,2,false,azvwtt6iohg3hran3hxv47xn6,2026-02-09T19:59:23Z,"","Kosmos",0.227,0.37,0,-11.465,0,0.0401,0.987,0.171,0.145,0.199,88.866,4
spotify:track:40XJzkuYKgLuEK2sDVNWeV,"World's Conscience","The CCCP Years","The Red Army Choir",2021-04-30,233000,4,false,azvwtt6iohg3hran3hxv47xn6,2026-02-09T19:59:23Z,"","Kosmos",0.416,0.564,9,-7.034,1,0.062,0.954,0.0000437,0.102,0.262,130.447,4
spotify:track:2yY0LdKarduCUyDkUDrA6c,"The Red Snow","The CCCP Years","The Red Army Choir",2021-04-30,243200,3,false,azvwtt6iohg3hran3hxv47xn6,2026-02-09T19:59:23Z,"","Kosmos",0.285,0.364,8,-10.37,1,0.0476,0.952,0.178,0.0548,0.191,86.661,4
spotify:track:2KUafEYDhFyoVQxV326CXy,"Eternal Fire","The CCCP Years","The Red Army Choir",2021-04-30,328000,3,false,azvwtt6iohg3hran3hxv47xn6,2026-02-09T19:59:23Z,"","Kosmos",0.204,0.481,10,-7.246,1,0.0423,0.932,0.00904,0.0949,0.25,73.171,3
spotify:track:3WDQkgVHYouDQ66vCrKbts,"Seven Brothers","The CCCP Years","The Red Army Choir",2021-04-30,146000,5,false,azvwtt6iohg3hran3hxv47xn6,2026-02-09T19:59:23Z,"","Kosmos",0.544,0.857,7,-5.589,1,0.0794,0.953,0.235,0.393,0.27,129.895,4
spotify:track:4Kdd2qEo36V1RLP3uF07rP,"Faust, Act IV Scene 4: Immortal Glory to Our Ancestors","The CCCP Years","The Red Army Choir",2021-04-30,179000,2,false,azvwtt6iohg3hran3hxv47xn6,2026-02-09T19:59:23Z,"","Kosmos",0.401,0.523,5,-6.241,1,0.0444,0.852,0.000112,0.645,0.243,109.68,4
spotify:track:3em7kRCIE6lyl9XNMW0QVs,"The Traveler's Song","The CCCP Years","The Red Army Choir",2021-04-30,141800,4,false,azvwtt6iohg3hran3hxv47xn6,2026-02-09T19:59:23Z,"","Kosmos",0.361,0.461,5,-9.55,1,0.0882,0.92,0.00000114,0.651,0.162,112.567,4
spotify:track:2l8rjXw0WPvSRk2YbIZzyf,"Beaten by the Cold Waves","The CCCP Years","The Red Army Choir",2021-04-30,293186,3,false,azvwtt6iohg3hran3hxv47xn6,2026-02-09T19:59:23Z,"","Kosmos",0.189,0.223,4,-15.526,1,0.11,0.967,0.0569,0.566,0.0761,116.784,3
spotify:track:2ISylpsM38muqBUo1ZCAu8,"The Girl Next Door","The CCCP Years","The Red Army Choir",2021-04-30,133600,2,false,azvwtt6iohg3hran3hxv47xn6,2026-02-09T19:59:23Z,"","Kosmos",0.218,0.819,10,-9.065,0,0.353,0.92,0.000487,0.698,0.222,75.891,3
spotify:track:6ayBxw974TNK9FwXrRqS84,"Lenine Was Here","The CCCP Years","The Red Army Choir",2021-04-30,275200,2,false,azvwtt6iohg3hran3hxv47xn6,2026-02-09T19:59:23Z,"","Kosmos",0.257,0.378,10,-9.011,1,0.0337,0.95,0.0193,0.225,0.301,97.438,4
spotify:track:2JpLkVCE6lpYEAapkLcOzU,"A Song Goes to War","The CCCP Years","The Red Army Choir",2021-04-30,271000,3,false,azvwtt6iohg3hran3hxv47xn6,2026-02-09T19:59:23Z,"","Kosmos",0.349,0.265,1,-10.941,1,0.051,0.966,0.0000124,0.146,0.357,90.355,3
spotify:track:1CeY3tCqufQLCrTItDDQ64,"An Old Poplar Tree","The CCCP Years","The Red Army Choir",2021-04-30,313000,2,false,azvwtt6iohg3hran3hxv47xn6,2026-02-09T19:59:23Z,"","Kosmos",0.278,0.352,2,-9.939,0,0.0396,0.969,0.00393,0.113,0.167,131.224,4
spotify:track:3t5wRuAhDxESCWQSuaMsTB,"Peaceful Country","The CCCP Years","The Red Army Choir",2021-04-30,162000,3,false,azvwtt6iohg3hran3hxv47xn6,2026-02-09T19:59:23Z,"","Kosmos",0.447,0.442,10,-8.318,1,0.0917,0.897,0,0.611,0.378,104.97,4
spotify:track:5nS1m69yLPWlJgoocmR4Xc,"An Old Soldier's Song","The CCCP Years","The Red Army Choir",2021-04-30,177800,3,false,azvwtt6iohg3hran3hxv47xn6,2026-02-09T19:59:23Z,"","Kosmos",0.574,0.514,11,-8.931,0,0.101,0.965,0.0000699,0.234,0.513,115.8,4
spotify:track:5W2SOhSjw7pAgwdkKpMk3E,"Lenine is With You","The CCCP Years","The Red Army Choir",2021-04-30,284000,4,false,azvwtt6iohg3hran3hxv47xn6,2026-02-09T19:59:23Z,"","Kosmos",0.176,0.653,3,-6.336,1,0.0525,0.957,0.173,0.249,0.304,87.13,5
spotify:track:5AEUQgn70NLPzBsY3Jzfcr,"Cossack Song","The CCCP Years","The Red Army Choir",2021-04-30,127400,8,false,azvwtt6iohg3hran3hxv47xn6,2026-02-09T19:59:23Z,"","Kosmos",0.489,0.722,4,-12.982,0,0.137,0.973,0.957,0.713,0.323,141.517,4
spotify:track:5G1ovmWCIn0tRGAElKHULD,"Red Marine's Song","The CCCP Years","The Red Army Choir",2021-04-30,191600,3,false,azvwtt6iohg3hran3hxv47xn6,2026-02-09T19:59:23Z,"","Kosmos",0.405,0.295,6,-9.714,1,0.134,0.959,0,0.314,0.266,57.782,4
spotify:track:27wVR0Fe6Ebd4CFI4t3Kte,"Lenine's Sacred Flag","The CCCP Years","The Red Army Choir",2021-04-30,136600,4,false,azvwtt6iohg3hran3hxv47xn6,2026-02-09T19:59:23Z,"","Kosmos",0.343,0.533,10,-3.908,1,0.0417,0.755,0.000597,0.291,0.783,89.388,4
spotify:track:0uOsramNQl5zqneMh53F5s,"To my mother","The CCCP Years","The Red Army Choir",2021-04-30,271800,2,false,azvwtt6iohg3hran3hxv47xn6,2026-02-09T19:59:23Z,"","Kosmos",0.248,0.346,4,-11.337,0,0.109,0.981,0.000208,0.673,0.225,83.629,1
spotify:track:3p34nDR4EQzcSOcdtMP21B,"In Our Unit","The CCCP Years","The Red Army Choir",2021-04-30,190600,3,false,azvwtt6iohg3hran3hxv47xn6,2026-02-09T19:59:23Z,"","Kosmos",0.556,0.462,1,-8.043,0,0.0536,0.966,0.00000202,0.9,0.847,121.762,1
spotify:track:6bxMIttR1bvAwD2mp1X9Wy,"Stand Up, Red Sun","The CCCP Years","The Red Army Choir",2021-04-30,274000,1,false,azvwtt6iohg3hran3hxv47xn6,2026-02-09T19:59:23Z,"","Kosmos",0.274,0.407,3,-11.076,1,0.0603,0.981,0.265,0.729,0.139,127.268,4
spotify:track:23Iaei67nL8JcH0JO9IYZg,"Yeremka's Song","The CCCP Years","The Red Army Choir",2021-04-30,187000,1,false,azvwtt6iohg3hran3hxv47xn6,2026-02-09T19:59:23Z,"","Kosmos",0.438,0.456,5,-9.663,1,0.0858,0.989,0.13,0.707,0.589,90.257,4
spotify:track:7vYDdoUNUvWdc3ZRw1sgzT,"I Come From Kutná Hora Town","The CCCP Years","The Red Army Choir",2021-04-30,134200,2,false,azvwtt6iohg3hran3hxv47xn6,2026-02-09T19:59:23Z,"","Kosmos",0.603,0.535,8,-7.825,1,0.27,0.971,0.000904,0.389,0.62,120.245,4
spotify:track:2HupCDPraSiKx6YR7IEoXw,"The Man and His Balalaika","The CCCP Years","The Red Army Choir",2021-04-30,187800,2,false,azvwtt6iohg3hran3hxv47xn6,2026-02-09T19:59:23Z,"","Kosmos",0.26,0.406,8,-10.846,1,0.0951,0.964,0.00792,0.444,0.116,82.672,3
spotify:track:4JXQ29FVBxpm4bPJt34her,"Dance and Turn","The CCCP Years","The Red Army Choir",2021-04-30,122800,2,false,azvwtt6iohg3hran3hxv47xn6,2026-02-09T19:59:23Z,"","Kosmos",0.41,0.69,7,-6.19,1,0.0597,0.963,0.000309,0.306,0.902,78.801,4
spotify:track:73Se7LcI5UK6dz7TgVv3Kz,"Vistual River","The CCCP Years","The Red Army Choir",2021-04-30,240600,2,false,azvwtt6iohg3hran3hxv47xn6,2026-02-09T19:59:23Z,"","Kosmos",0.281,0.377,7,-10.09,0,0.0541,0.981,0.0000202,0.106,0.163,123.861,4
spotify:track:0pGHtmOCcTqgZZaa9m7xhE,"Kasja","The CCCP Years","The Red Army Choir",2021-04-30,141000,1,false,azvwtt6iohg3hran3hxv47xn6,2026-02-09T19:59:23Z,"","Kosmos",0.488,0.488,1,-7.133,1,0.0611,0.976,0.0000589,0.162,0.665,86.34,3
spotify:track:3qIWaCcFTKzG0fcBk5gNcv,"Cilbuka's Song","The CCCP Years","The Red Army Choir",2021-04-30,149800,1,false,azvwtt6iohg3hran3hxv47xn6,2026-02-09T19:59:23Z,"","Kosmos",0.501,0.326,5,-8.548,1,0.0669,0.991,0.00000492,0.215,0.533,127.499,4
spotify:track:4WFeeSotCHm808MK1MkYy7,"The Fowler Tree","The CCCP Years","The Red Army Choir",2021-04-30,153000,1,false,azvwtt6iohg3hran3hxv47xn6,2026-02-09T19:59:23Z,"","Kosmos",0.384,0.508,7,-9.219,1,0.0723,0.972,0.0404,0.263,0.418,85.623,4
spotify:track:44knixA2M9sxkK8HF60RN5,"Rodina","The CCCP Years","The Red Army Choir",2021-04-30,239000,6,false,azvwtt6iohg3hran3hxv47xn6,2026-02-09T19:59:23Z,"","Kosmos",0.171,0.579,3,-9.099,0,0.0481,0.964,0.0115,0.446,0.159,77.621,4
spotify:track:6MRS1UJuPLWXIN7LUe4DjP,"Kalinushka","The CCCP Years","The Red Army Choir",2021-04-30,168000,2,false,azvwtt6iohg3hran3hxv47xn6,2026-02-09T19:59:23Z,"","Kosmos",0.195,0.175,7,-15.972,1,0.0465,0.97,0.0000299,0.0917,0.165,101.462,1
spotify:track:73bWcvGH0NmK2zR6Dam6zl,"Listen","The CCCP Years","The Red Army Choir",2021-04-30,225600,1,false,azvwtt6iohg3hran3hxv47xn6,2026-02-09T19:59:23Z,"","Kosmos",0.192,0.0927,8,-18.782,1,0.0515,0.958,0.000132,0.131,0.125,185.351,5
spotify:track:06O7UXLXBjX13TU3N6JzLn,"Coming Out of the forest","The CCCP Years","The Red Army Choir",2021-04-30,147400,2,false,azvwtt6iohg3hran3hxv47xn6,2026-02-09T19:59:23Z,"","Kosmos",0.453,0.434,0,-5.644,1,0.045,0.965,0.00000471,0.735,0.461,78.094,4
spotify:track:09gtO6uGVhbVaTnkCqXsN3,"Dirge","The CCCP Years","The Red Army Choir",2021-04-30,256200,2,false,azvwtt6iohg3hran3hxv47xn6,2026-02-09T19:59:23Z,"","Kosmos",0.154,0.129,2,-26.536,1,0.0555,0.984,0.11,0.127,0.0415,80.39,1
spotify:track:6TYQlH1FEFOGtL72EpvySk,"French National Anthem","The CCCP Years","The Red Army Choir",2021-04-30,93800,14,false,azvwtt6iohg3hran3hxv47xn6,2026-02-09T19:59:23Z,"","Kosmos",0.488,0.587,0,-4.736,1,0.0346,0.882,0.489,0.239,0.385,114.84,4
spotify:track:5QkJkNtAx37h8EimkxCun9,"The Winners","The CCCP Years","The Red Army Choir",2021-04-30,249400,2,false,azvwtt6iohg3hran3hxv47xn6,2026-02-09T19:59:23Z,"","Kosmos",0.3,0.461,0,-8.798,0,0.0534,0.924,0.00301,0.0484,0.159,105.546,4
spotify:track:2pCEtGZzuPCNL92bmNYYBl,"Buchenwald Toll","The CCCP Years","The Red Army Choir",2021-04-30,223800,7,false,azvwtt6iohg3hran3hxv47xn6,2026-02-09T19:59:23Z,"","Kosmos",0.341,0.424,11,-5.895,0,0.0328,0.974,0.00122,0.223,0.341,79.275,4
spotify:track:5Veg8AG87MckyhYChjnm5F,"The Sun Sets Behind the Mountain","The CCCP Years","The Red Army Choir",2021-04-30,161600,7,false,azvwtt6iohg3hran3hxv47xn6,2026-02-09T19:59:23Z,"","Kosmos",0.443,0.517,4,-12.197,0,0.0437,0.982,0.774,0.17,0.41,118.531,4
spotify:track:1jVeuucQmV2mwSzv7Kjznh,"The Brave Don's Cossacks","The CCCP Years","The Red Army Choir",2021-04-30,177600,8,false,azvwtt6iohg3hran3hxv47xn6,2026-02-09T19:59:23Z,"","Kosmos",0.531,0.856,10,-4.54,1,0.0561,0.896,0.0356,0.404,0.701,121.163,4
spotify:track:5AP5wTDMJtYyoNyPfZbLUK,"A Soldier's Love","The CCCP Years","The Red Army Choir",2021-04-30,334600,2,false,azvwtt6iohg3hran3hxv47xn6,2026-02-09T19:59:23Z,"","Kosmos",0.164,0.281,1,-13.803,0,0.0509,0.984,0.000262,0.0982,0.0779,78.067,4
spotify:track:6YfGH26zHPyBduBPdd8jQt,"The Bells of Novorossiik","The CCCP Years","The Red Army Choir",2021-04-30,201400,2,false,azvwtt6iohg3hran3hxv47xn6,2026-02-09T19:59:23Z,"","Kosmos",0.217,0.205,4,-13.124,1,0.0654,0.986,0.263,0.0437,0.0281,132.729,3
spotify:track:1yPM7gGnK47GYNhgCKR5SH,"The Helmsman From The Marat","The CCCP Years","The Red Army Choir",2021-04-30,222600,1,false,azvwtt6iohg3hran3hxv47xn6,2026-02-09T19:59:23Z,"","Kosmos",0.204,0.459,1,-9.282,1,0.182,0.994,0.00000307,0.255,0.0895,171.539,4
spotify:track:3mz1VajvSQTifrO2GNRc3x,"Good Night My Country","The CCCP Years","The Red Army Choir",2021-04-30,236000,4,false,azvwtt6iohg3hran3hxv47xn6,2026-02-09T19:59:23Z,"","Kosmos",0.501,0.387,11,-9.631,0,0.0775,0.964,0,0.153,0.458,110.453,4
spotify:track:3SUJjtjMtngV08ZZZo5ILa,"Dubinushka","The CCCP Years","The Red Army Choir",2021-04-30,231200,1,false,azvwtt6iohg3hran3hxv47xn6,2026-02-09T19:59:23Z,"","Kosmos",0.392,0.288,4,-10.599,0,0.0451,0.976,0.0018,0.296,0.371,129.532,4
spotify:track:5hAXeGcOe3a2xIR5ieFSm7,"Communism Marches Through the Planet","The CCCP Years","The Red Army Choir",2021-04-30,196600,8,false,azvwtt6iohg3hran3hxv47xn6,2026-02-09T19:59:23Z,"","Kosmos",0.585,0.662,8,-6.848,1,0.107,0.95,0.127,0.9,0.548,112.679,3
spotify:track:5IQYmmot6SRjuwTLQXFaTj,"The Red Cavalery","The CCCP Years","The Red Army Choir",2021-04-30,99800,6,false,azvwtt6iohg3hran3hxv47xn6,2026-02-09T19:59:23Z,"","Kosmos",0.423,0.875,0,-6.202,0,0.0535,0.847,0.00558,0.417,0.872,140.395,4
spotify:track:6sqb9FMHKmODlD0Oux8Ya1,"Russia","The CCCP Years","The Red Army Choir",2021-04-30,232600,3,false,azvwtt6iohg3hran3hxv47xn6,2026-02-09T19:59:23Z,"","Kosmos",0.217,0.657,3,-5.659,1,0.0468,0.966,0.202,0.154,0.242,89.752,3
spotify:track:5NArR4SAudzqktsRDKzea2,"Шли по степи (Казачья песня из оперы ""Поднятая целина"")","Антология, Часть №4","The Red Army Choir",2019-11-22,109666,17,false,azvwtt6iohg3hran3hxv47xn6,2026-02-09T19:59:33Z,"","ФГБУ «Ансамбль Александрова» Минобороны России",0.588,0.655,10,-12.546,0,0.144,0.963,0.0000122,0.304,0.292,79.641,4
spotify:track:3ogpC6lrLpsxYGhDYx5QX3,"Соловьи","Антология, Часть №4","The Red Army Choir",2019-11-22,391373,13,false,azvwtt6iohg3hran3hxv47xn6,2026-02-09T19:59:33Z,"","ФГБУ «Ансамбль Александрова» Минобороны России",0.189,0.276,10,-14.782,0,0.0468,0.966,0.123,0.109,0.0563,103.313,3
spotify:track:63ogSUwEcFagUH6IT5N8xH,"Смуглянка","Антология, Часть №4","The Red Army Choir",2019-11-22,207320,46,false,azvwtt6iohg3hran3hxv47xn6,2026-02-09T19:59:33Z,"","ФГБУ «Ансамбль Александрова» Минобороны России",0.492,0.439,5,-12.505,0,0.0874,0.947,0.00018,0.53,0.565,76.155,4
spotify:track:33KSD4YX6eRmy8nWGj6vbw,"Калинка","Антология, Часть №4","The Red Army Choir",2019-11-22,217720,21,false,azvwtt6iohg3hran3hxv47xn6,2026-02-09T19:59:33Z,"","ФГБУ «Ансамбль Александрова» Минобороны России",0.171,0.446,7,-12.532,0,0.0452,0.958,0.0137,0.541,0.183,86.43,4
spotify:track:0t0YuEh0Uue8hT9kD2T7vS,"Однозвучно гремит колокольчик","Антология, Часть №4","The Red Army Choir",2019-11-22,259693,8,false,azvwtt6iohg3hran3hxv47xn6,2026-02-09T19:59:33Z,"","ФГБУ «Ансамбль Александрова» Минобороны России",0.235,0.191,1,-16.816,1,0.042,0.993,0.0216,0.0945,0.039,86.837,1
spotify:track:66tjF10ziamXWF6ofjo1s9,"Хор охотников из оперы ""Вольный стрелок""","Антология, Часть №4","The Red Army Choir",2019-11-22,162973,7,false,azvwtt6iohg3hran3hxv47xn6,2026-02-09T19:59:33Z,"","ФГБУ «Ансамбль Александрова» Минобороны России",0.463,0.577,2,-9.058,1,0.0398,0.989,0.809,0.126,0.305,112.942,4
spotify:track:0VayvZMj49GXxHvS48ZL3y,"Валенсия","Антология, Часть №4","The Red Army Choir",2019-11-22,168946,7,false,azvwtt6iohg3hran3hxv47xn6,2026-02-09T19:59:33Z,"","ФГБУ «Ансамбль Александрова» Минобороны России",0.354,0.666,9,-7.798,1,0.0513,0.85,0.0638,0.542,0.574,126.603,4
spotify:track:0ySZS3vFDES5YlkiRk0eSh,"Куплеты Мефистофеля из оперы ""Фауст""","Антология, Часть №4","The Red Army Choir",2019-11-22,117613,10,false,azvwtt6iohg3hran3hxv47xn6,2026-02-09T19:59:33Z,"","ФГБУ «Ансамбль Александрова» Минобороны России",0.472,0.639,11,-7.46,0,0.115,0.98,0.189,0.223,0.35,127.436,4
spotify:track:5WnVPA9vsT9ex6ah7X03nw,"Вдоль по Питерской","Антология, Часть №4","The Red Army Choir",2019-11-22,198453,8,false,azvwtt6iohg3hran3hxv47xn6,2026-02-09T19:59:33Z,"","ФГБУ «Ансамбль Александрова» Минобороны России",0.289,0.454,3,-9.778,1,0.0465,0.963,0,0.352,0.432,152.373,4
spotify:track:2PKFs7ofnDE9iJbkU4YLpF,"В путь","Антология, Часть №4","The Red Army Choir",2019-11-22,218960,32,false,azvwtt6iohg3hran3hxv47xn6,2026-02-09T19:59:33Z,"","ФГБУ «Ансамбль Александрова» Минобороны России",0.487,0.417,4,-14.75,0,0.0614,0.94,0.22,0.0856,0.243,117.463,4
spotify:track:7pPB9erSr5D2KcOxOZzoD6,"Катюша","Антология, Часть №4","The Red Army Choir",2019-11-22,148960,46,false,azvwtt6iohg3hran3hxv47xn6,2026-02-09T19:59:33Z,"","ФГБУ «Ансамбль Александрова» Минобороны России",0.508,0.404,11,-13.105,0,0.0565,0.96,0.000229,0.241,0.39,120.363,4
spotify:track:7IvUQIQpP2xM93Ym6w7s5d,"Dixie","Songs Of The Civil War","Tennessee Ernie Ford",1961-07-10,141240,49,false,azvwtt6iohg3hran3hxv47xn6,2026-02-09T20:00:00Z,"country cristiano,country clásico","Liberty Records",0.724,0.748,5,-7.224,1,0.0498,0.736,0,0.0692,0.962,107.904,4
spotify:track:3WsBWWfRD99JrFJfdpl0VL,"Over There","America Sings","The Eric Rogers Chorale and Orchestra",1964-09-01,161413,46,false,azvwtt6iohg3hran3hxv47xn6,2026-02-09T20:00:00Z,"","Decca Music Group Ltd.",0.545,0.702,1,-11.965,1,0.0315,0.662,0.23,0.21,0.537,111.298,4
spotify:track:3T0e1tvS7E833ODuya2wfA,"The Firth of Forth","Come on Lads...","Sods' Opera",1995,126506,44,false,azvwtt6iohg3hran3hxv47xn6,2026-02-09T20:00:00Z,"","Beautiful Jo",0.645,0.503,7,-11.114,1,0.103,0.484,0,0.339,0.96,126.594,4
spotify:track:7sd82LR8HamTr1HD6foVX0,"My Little Armalite","Roll of Honour","The Irish Brigade",2013-10-29,176053,50,false,azvwtt6iohg3hran3hxv47xn6,2026-02-09T20:00:00Z,"celta,salomas","IRB Publications",0.722,0.524,7,-10.134,1,0.0534,0.809,0,0.143,0.967,124.508,4
spotify:track:0FJbyybRjxOyalg9M9q6IJ,"Union Dixie","Songs Of The Civil War","Tennessee Ernie Ford",1961-07-10,142066,55,false,azvwtt6iohg3hran3hxv47xn6,2026-02-09T20:00:00Z,"country cristiano,country clásico","Liberty Records",0.794,0.671,5,-6.896,1,0.0332,0.644,0,0.343,0.978,105.683,4
spotify:track:71ElDkW9Ne6d1FHmqJrCwa,"Old Comrades - Alte Kameraden","Grand Tatoo . Military Marches - Marches Militaires","Mountain Division Light Infantry",2012-02-03,172626,31,false,azvwtt6iohg3hran3hxv47xn6,2026-02-09T20:00:00Z,"","Macassar Records",0.633,0.839,8,-7.162,1,0.0805,0.654,0.836,0.378,0.535,119.567,4
spotify:track:552OhFLnEr6DLCm9i2R3pA,"I Don't Want to Join the Army - Medley","Come on Lads...","Sods' Opera",1995,189026,37,false,azvwtt6iohg3hran3hxv47xn6,2026-02-09T20:00:00Z,"","Beautiful Jo",0.731,0.399,0,-11.099,1,0.0799,0.668,0,0.0429,0.823,124.092,4
spotify:track:7nnf5m1fUoThhRKIBRzvPH,"The Bonnie Blue Flag","Songs Of The Civil War","Tennessee Ernie Ford",1961-07-10,150800,39,false,azvwtt6iohg3hran3hxv47xn6,2026-02-09T20:00:00Z,"country cristiano,country clásico","Liberty Records",0.836,0.618,10,-7.978,1,0.0765,0.512,0,0.0463,0.933,111.052,4
spotify:track:4ExLgYIDbN7IuqxPeYxID4,"Schwarzbraun ist die Haselnuss","Gesungene Marschlieder","Ein großes Bundesblasorchester mit Männerchor",2007-01-31,138865,3,false,azvwtt6iohg3hran3hxv47xn6,2026-02-09T20:00:00Z,"polka","Ein großes Bundesblasorchester mit Männerchor",0.634,0.652,10,-10.975,1,0.0668,0.586,0,0.095,0.729,121.857,4
spotify:track:7eYOWVrbFaPSJqWcCe3bcu,"God Bless America","America Sings","The Eric Rogers Chorale and Orchestra",1964-09-01,131000,28,false,azvwtt6iohg3hran3hxv47xn6,2026-02-09T20:00:00Z,"","Decca Music Group Ltd.",0.219,0.574,3,-8.733,1,0.0383,0.735,0.0534,0.362,0.409,101.222,4
spotify:track:5xTbWKON8TkzyBOC2JSvas,"Jungle War","Hello Vietnam - Country and Western War Songs","The Lonesome Valley Singers",2019-05-22,107740,42,false,azvwtt6iohg3hran3hxv47xn6,2026-02-09T20:00:00Z,"","Mountain Dew Records",0.678,0.262,9,-18.507,0,0.0413,0.93,0.0102,0.103,0.855,77.579,4
spotify:track:6IMcjbpBHVvbkK9CQatPL9,"Stonewall Jackson's Way","Songs Of The Civil War","Tennessee Ernie Ford",1961-07-10,189533,36,false,azvwtt6iohg3hran3hxv47xn6,2026-02-09T20:00:00Z,"country cristiano,country clásico","Liberty Records",0.719,0.458,7,-8.623,1,0.0571,0.839,0,0.422,0.94,98.364,4
spotify:track:2PKGX7glf9mutxRlwrusZd,"The British Grenadiers","Empire Of The Sun (Original Motion Picture Soundtrack)","John Williams",1987-12-01,149426,38,false,azvwtt6iohg3hran3hxv47xn6,2026-02-09T20:00:00Z,"banda sonora,música incidental","Warner Records",0.461,0.0868,0,-32.601,0,0.0567,0.172,0.795,0.133,0.0326,109.622,4
spotify:track:4xA1wGDCL1l4Qe7pU3bFEs,"Badonviller March - Badenweiler Marsch","Grand Tatoo . Military Marches - Marches Militaires","Mountain Division Light Infantry",2012-02-03,174480,23,false,azvwtt6iohg3hran3hxv47xn6,2026-02-09T20:00:00Z,"","Macassar Records",0.517,0.757,1,-6.528,1,0.0359,0.556,0.798,0.0876,0.699,110.812,4
spotify:track:4whogrNwIS0QDzJzG1KUhP,"I Haven't Seen Old Hitler","Come on Lads...","Sods' Opera",1995,95733,41,false,azvwtt6iohg3hran3hxv47xn6,2026-02-09T20:00:00Z,"","Beautiful Jo",0.619,0.632,7,-9.304,1,0.0591,0.559,0.00000412,0.271,0.973,138.983,4
spotify:track:3tAvY1dMJnvfamMd4yfJri,"The Girl I Left Behind Me","Songs Of The Civil War","Tennessee Ernie Ford",1961-07-10,122200,37,false,azvwtt6iohg3hran3hxv47xn6,2026-02-09T20:00:00Z,"country cristiano,country clásico","Liberty Records",0.741,0.555,9,-9.679,1,0.0465,0.503,0,0.262,0.937,100.882,4
spotify:track:3MhRzOIpCLWdykQjkb2mOq,"Dixie / Bonnie Blue Flag","The Civil War (Original Soundtrack Recording)","The New American Brass Band",2005-07-19,115906,32,false,azvwtt6iohg3hran3hxv47xn6,2026-02-09T20:00:00Z,"banda de viento","Nonesuch",0.778,0.313,3,-14.669,1,0.0692,0.972,0.872,0.102,0.865,119.157,4
spotify:track:6pVrHfmQqvcZNJ70r7GwS8,"The Star-Spangled Banner","America Sings","The Eric Rogers Chorale and Orchestra",1964-09-01,179986,34,false,azvwtt6iohg3hran3hxv47xn6,2026-02-09T20:00:00Z,"","Decca Music Group Ltd.",0.216,0.335,1,-9.256,1,0.03,0.874,0.0411,0.124,0.191,74.376,3
spotify:track:0hkcYqhRTUyr0hARZPeEZy,"Königgrätzer Marsch","Schätze der Marschmusik","Die Marschmusikanten",1963-10-02,154535,3,false,azvwtt6iohg3hran3hxv47xn6,2026-02-09T20:00:00Z,"polka","GERMAN TRADITIONAL",0.687,0.543,1,-10.939,1,0.0348,0.317,0.00000542,0.0657,0.861,105.335,4
spotify:track:38PgpUwAXvVG3EqlZQYBBD,"Kiss Me Goodnight Sergeant-major","Come on Lads...","Sods' Opera",1995,121333,34,false,azvwtt6iohg3hran3hxv47xn6,2026-02-09T20:00:00Z,"","Beautiful Jo",0.679,0.565,0,-8.968,1,0.0442,0.558,0,0.0888,0.964,123.456,4
spotify:track:04W8MfHR7TqFcyTTQ47Qj8,"Marching Song (Of The First Arkansas Negro Regiment)","Songs Of The Civil War","Tennessee Ernie Ford",1961-07-10,180733,33,false,azvwtt6iohg3hran3hxv47xn6,2026-02-09T20:00:00Z,"country cristiano,country clásico","Liberty Records",0.544,0.303,5,-11.616,1,0.0955,0.877,0.00000124,0.0879,0.534,95.336,4
spotify:track:66eFGhs8LXeBgrXk0YgRJK,"The Battle Of New Orleans","American Originals","Johnny Horton",1989-06-13,151506,56,false,azvwtt6iohg3hran3hxv47xn6,2026-02-09T20:00:00Z,"country clásico,rockabilly,honky tonk","Columbia Nashville",0.704,0.743,9,-12.069,1,0.129,0.805,0,0.205,0.92,177.362,4
spotify:track:71cnt23CkdSCqa2uqLvRUJ,"Grenadiermarsch","Grand Tatoo . Military Marches - Marches Militaires","Mountain Division Light Infantry",2012-02-03,112520,23,false,azvwtt6iohg3hran3hxv47xn6,2026-02-09T20:00:00Z,"","Macassar Records",0.505,0.835,9,-11.227,1,0.0572,0.673,0.142,0.258,0.292,112.991,4
spotify:track:0uKnbCmtoegbXaYNuj3PS6,"Ain't I Right","The Great Atomic Power","Jane Archer and the Reactionaries",2018-12-04,180629,32,false,azvwtt6iohg3hran3hxv47xn6,2026-02-09T20:00:00Z,"","Booth Street Records",0.354,0.661,5,-5.89,1,0.0349,0.497,0.00252,0.0947,0.642,133.742,4
spotify:track:51uwmwTOkY9dEDw9hckCMM,"The Valiant Conscript","Songs Of The Civil War","Tennessee Ernie Ford",1961-07-10,209093,34,false,azvwtt6iohg3hran3hxv47xn6,2026-02-09T20:00:00Z,"country cristiano,country clásico","Liberty Records",0.859,0.671,3,-9.524,1,0.047,0.674,0,0.13,0.976,107.667,4
spotify:track:4KXGfHdjJrUEzP4BJsh0o0,"It's a Long Way to Tipperary","Among the Gold","John McCormack",1903-01-09,197880,22,false,azvwtt6iohg3hran3hxv47xn6,2026-02-09T20:00:00Z,"ragtime","Candlelight Phonograp Records",0.525,0.303,0,-12.13,1,0.0877,0.994,0.00011,0.218,0.778,112.79,4
spotify:track:5RJHtGkFu8SbYxxJpCUF7c,"Im Wald, im grünen Wald","Die Lieder von Freusburger Soldantenchor","Freusburger Soldantenchor",1953-02-08,183954,4,false,azvwtt6iohg3hran3hxv47xn6,2026-02-09T20:00:00Z,"","Universal Digital Enterprises",0.555,0.871,8,-10.926,1,0.0371,0.587,0.00000324,0.179,0.731,121.446,4
spotify:track:0CbZGS7GBavUKpPehJm1AJ,"Kinky Boots","Pardon Me for Smiling","The Irish Brigade",2017-11-06,262880,50,false,azvwtt6iohg3hran3hxv47xn6,2026-02-09T20:00:00Z,"celta,salomas","The Irish Brigade",0.439,0.547,2,-9.531,1,0.0635,0.804,0,0.0984,0.859,201.908,4
spotify:track:2VvdHju2VFhZ84TShI21cB,"The Army Of The Free","Songs Of The Civil War","Tennessee Ernie Ford",1961-07-10,129560,40,false,azvwtt6iohg3hran3hxv47xn6,2026-02-09T20:00:00Z,"country cristiano,country clásico","Liberty Records",0.577,0.594,8,-9.857,1,0.0468,0.47,0,0.0385,0.933,110.545,4
spotify:track:4AthTRdIA2L58bLfcbesWR,"The D-day Dodgers","Come on Lads...","Sods' Opera",1995,237360,33,false,azvwtt6iohg3hran3hxv47xn6,2026-02-09T20:00:00Z,"","Beautiful Jo",0.708,0.352,0,-10.829,1,0.0405,0.757,0,0.14,0.698,116.856,4
spotify:track:0GIIfi0CxtZQUkYS6rxLw7,"Yankee Doodle - Field Music of the US Army/Marching tune","The Spirit of '76/Ruffles and Flourishes","Anonymous;Eastman Symphonic Wind Ensemble;Frederick Fennell",1997-01-01,69400,28,false,azvwtt6iohg3hran3hxv47xn6,2026-02-09T20:00:00Z,"música antigua,medieval,canto gregoriano,renacentista","Decca Music Group Ltd.",0.799,0.582,11,-16.002,0,0.0841,0.00728,0.865,0.112,0.7,116.916,4
spotify:track:6GwiKAR1lbui1Jd5Mp65hJ,"55 Days in Peking","The Greatest Hits","Rob E.G.",2017-08-08,125933,31,false,azvwtt6iohg3hran3hxv47xn6,2026-02-09T20:00:00Z,"surf rock","Wizard Records. A Timeless Music Company Label",0.528,0.865,10,-3.473,0,0.0541,0.625,0.798,0.0739,0.806,102.022,4
spotify:track:3EngGFGi7LSh7jcP9BKbVS,"The Fall Of Charleston","Songs Of The Civil War","Tennessee Ernie Ford",1961-07-10,142360,34,false,azvwtt6iohg3hran3hxv47xn6,2026-02-09T20:00:00Z,"country cristiano,country clásico","Liberty Records",0.604,0.579,5,-7.955,1,0.0596,0.705,0,0.127,0.978,201.189,4
spotify:track:1KmbYe8eNJwgvVRQghCb48,"I'm In The Mood For Love","The White Cliffs of Dover","Vera Lynn",2020-01-01,190666,29,false,azvwtt6iohg3hran3hxv47xn6,2026-02-10T07:20:08Z,"adult standards","Planet Blue Records USA",0.514,0.101,0,-20.166,1,0.0376,0.992,0.0883,0.122,0.238,107.63,4
spotify:track:33WglITvKACPqt8RH8GTWg,"A Nightingale Sane In Berkeley Square","The White Cliffs of Dover","Vera Lynn",2020-01-01,195000,8,false,azvwtt6iohg3hran3hxv47xn6,2026-02-10T07:20:08Z,"adult standards","Planet Blue Records USA",0.389,0.069,9,-17.682,1,0.0408,0.99,0.0000146,0.072,0.308,106.655,3
spotify:track:4aJF0PFnKaR70sbsqERD4y,"Yours","The White Cliffs of Dover","Vera Lynn",2020-01-01,205160,9,false,azvwtt6iohg3hran3hxv47xn6,2026-02-10T07:20:08Z,"adult standards","Planet Blue Records USA",0.206,0.0811,8,-17.862,1,0.0402,0.988,0.00000192,0.103,0.309,81.745,4
spotify:track:7LxlxZdJvLEeOizzrmNJDo,"That Lovely Weekend","The White Cliffs of Dover","Vera Lynn",2020-01-01,193666,5,false,azvwtt6iohg3hran3hxv47xn6,2026-02-10T07:20:08Z,"adult standards","Planet Blue Records USA",0.379,0.0486,7,-18.277,0,0.0421,0.989,0.000111,0.182,0.176,81.823,4
spotify:track:1mJloS6HB0JJ6SbZtUe718,"When The Lights Go On Again","The White Cliffs of Dover","Vera Lynn",2020-01-01,200173,13,false,azvwtt6iohg3hran3hxv47xn6,2026-02-10T07:20:08Z,"adult standards","Planet Blue Records USA",0.283,0.0856,8,-17.02,1,0.0361,0.987,0.000887,0.091,0.213,91.92,4
spotify:track:3uLoE9svL51I1MkPI5koH6,"It's A Lovely Day Tomorrow","The White Cliffs of Dover","Vera Lynn",2020-01-01,195666,18,false,azvwtt6iohg3hran3hxv47xn6,2026-02-10T07:20:08Z,"adult standards","Planet Blue Records USA",0.327,0.0734,7,-18.912,1,0.0407,0.983,0.000939,0.177,0.248,144.778,4
spotify:track:1Oze6ZnnlNNZQWqAQbeaKL,"Wishing","The White Cliffs of Dover","Vera Lynn",2020-01-01,201826,6,false,azvwtt6iohg3hran3hxv47xn6,2026-02-10T07:20:08Z,"adult standards","Planet Blue Records USA",0.347,0.0839,0,-16.178,1,0.0363,0.993,0.0000599,0.138,0.149,104.552,3
spotify:track:5Y6O0Er8QcF4encIgmSdTK,"Mexicali Rosse","The White Cliffs of Dover","Vera Lynn",2020-01-01,187840,4,false,azvwtt6iohg3hran3hxv47xn6,2026-02-10T07:20:08Z,"adult standards","Planet Blue Records USA",0.26,0.0898,5,-16.72,1,0.0383,0.982,0.000135,0.0769,0.0686,127.128,4
spotify:track:2NYOV1ibgJQwSAL2it92ka,"The White Cliffs Of Dover","The White Cliffs of Dover","Vera Lynn",2020-01-01,196666,27,false,azvwtt6iohg3hran3hxv47xn6,2026-02-10T07:20:08Z,"adult standards","Planet Blue Records USA",0.283,0.0609,8,-16.598,1,0.0344,0.989,0.0000367,0.157,0.251,97.856,4
spotify:track:35IB4Bzjc53GkJMLzNmePi,"Alone","The White Cliffs of Dover","Vera Lynn",2020-01-01,183493,5,false,azvwtt6iohg3hran3hxv47xn6,2026-02-10T07:20:08Z,"adult standards","Planet Blue Records USA",0.483,0.11,7,-17.387,0,0.034,0.988,0.0228,0.153,0.336,127.763,4
spotify:track:4eVnOPO3KjUUYXLOllKn0X,"Up The Wooden Hill","The White Cliffs of Dover","Vera Lynn",2020-01-01,185666,4,false,azvwtt6iohg3hran3hxv47xn6,2026-02-10T07:20:08Z,"adult standards","Planet Blue Records USA",0.371,0.0399,8,-21.098,1,0.0616,0.994,0.0000296,0.109,0.176,73.71,4
spotify:track:6Xq23628hDzQcItU17yxdQ,"Harbour Lights","The White Cliffs of Dover","Vera Lynn",2020-01-01,188506,6,false,azvwtt6iohg3hran3hxv47xn6,2026-02-10T07:20:08Z,"adult standards","Planet Blue Records USA",0.249,0.0632,10,-21.928,1,0.0392,0.99,0.436,0.113,0.138,78.145,4
spotify:track:0k92zYMw0f5XjFZmSJ0XEk,"Little Sir Echo","The White Cliffs of Dover","Vera Lynn",2020-01-01,182826,4,false,azvwtt6iohg3hran3hxv47xn6,2026-02-10T07:20:08Z,"adult standards","Planet Blue Records USA",0.416,0.0966,7,-19.434,1,0.034,0.95,0.0704,0.105,0.336,126.458,3
spotify:track:4Yu9tPYIA28VMw0pZoX5mR,"We'll Meet Again","The White Cliffs of Dover","Vera Lynn",2020-01-01,207840,23,false,azvwtt6iohg3hran3hxv47xn6,2026-02-10T07:20:08Z,"adult standards","Planet Blue Records USA",0.374,0.0303,2,-22.127,1,0.0401,0.961,0.000026,0.0854,0.105,104.65,4
spotify:track:5JpiDSfiEMvHt12iwgavTj,"A Star Fell Out Of Heaven","The White Cliffs of Dover","Vera Lynn",2020-01-01,183160,6,false,azvwtt6iohg3hran3hxv47xn6,2026-02-10T07:20:08Z,"adult standards","Planet Blue Records USA",0.531,0.101,5,-19.389,1,0.0413,0.971,0.0427,0.275,0.464,126.313,4
spotify:track:38CJ23efLPq6KLVvW1idIQ,"The Bells Of St. Mary's","The White Cliffs of Dover","Vera Lynn",2020-01-01,173506,3,false,azvwtt6iohg3hran3hxv47xn6,2026-02-10T07:20:08Z,"adult standards","Planet Blue Records USA",0.364,0.0464,8,-21.303,1,0.0367,0.993,0.000744,0.132,0.286,89.218,5
spotify:track:3PL7MguTiOKGTNvHDCV9uX,"Texte 1 Presentation","Saint Cyr","Chorale De Saint Cyr;Musique Des Équipages De La Flotte De Brest",2003-11-01,109413,9,true,azvwtt6iohg3hran3hxv47xn6,2026-02-10T10:31:46Z,"","Corelia",0.331,0.172,4,-16.892,0,0.0519,0.896,0.502,0.065,0.145,68.468,4
spotify:track:5m3FvsseHW3qHSXcGfl8ZR,"Les Aigles Triomphales","Saint Cyr","Chorale De Saint Cyr;Musique Principale De L'Armée De Terre",2003-11-01,159773,33,true,azvwtt6iohg3hran3hxv47xn6,2026-02-10T10:31:46Z,"","Corelia",0.602,0.0879,2,-17.029,0,0.0731,0.993,0,0.225,0.754,125.134,4
spotify:track:0WbaX4YymKsn8cU828c0sN,"Austerlitz","Saint Cyr","Chorale De Saint Cyr;Musique Principale De L'Armée De Terre",2003-11-01,168480,26,false,azvwtt6iohg3hran3hxv47xn6,2026-02-10T10:31:46Z,"","Corelia",0.742,0.416,5,-14.165,1,0.0515,0.968,0.975,0.101,0.935,101.777,4
spotify:track:3BhwRLUgqCvre19HGLab96,"Le Drapeau D Austerlitz","Saint Cyr","Chorale De Saint Cyr;Musique Principale De L'Armée De Terre",2003-11-01,60293,13,false,azvwtt6iohg3hran3hxv47xn6,2026-02-10T10:31:46Z,"","Corelia",0.643,0.315,5,-14.049,1,0.0506,0.94,0.968,0.149,0.622,95.178,3
spotify:track:5wdHClIErA8dqLNaCf2Ylt,"Texte 2","Saint Cyr","Chorale De Saint Cyr;Musique De La Garde Républicaine",2003-11-01,18533,0,true,azvwtt6iohg3hran3hxv47xn6,2026-02-10T10:31:46Z,"","Corelia",0.47,0.356,11,-16.66,0,0.219,0.832,0.0000908,0.253,0.828,69.4,4
spotify:track:4mh1WGAsysEz3sGI7xdVuA,"Marche Du 1er Consul","Saint Cyr","Chorale De Saint Cyr;Musique De La Garde Républicaine",2003-11-01,63920,11,false,azvwtt6iohg3hran3hxv47xn6,2026-02-10T10:31:46Z,"","Corelia",0.646,0.366,3,-10.949,1,0.0985,0.967,0.859,0.234,0.502,84.336,4
spotify:track:2zVvrCGmtNET1GwRmmvtNj,"Marche De La Vieille Garde A Leipzig","Saint Cyr","Chorale De Saint Cyr",2003-11-01,231880,21,false,azvwtt6iohg3hran3hxv47xn6,2026-02-10T10:31:46Z,"","Corelia",0.691,0.407,3,-15.422,1,0.0778,0.992,0.935,0.103,0.869,104.525,4
spotify:track:22DXfenV8t1cDC2kx8UlR5,"Texte 3","Saint Cyr","Chorale De Saint Cyr",2003-11-01,37853,6,false,azvwtt6iohg3hran3hxv47xn6,2026-02-10T10:31:46Z,"","Corelia",0.635,0.304,10,-19.257,1,0.89,0.761,0,0.309,0.801,107.653,4
spotify:track:4OMqoDh0iCZwZfryaf2skp,"La Galette","Saint Cyr","Chorale De Saint Cyr",2003-11-01,125133,19,true,azvwtt6iohg3hran3hxv47xn6,2026-02-10T10:31:46Z,"","Corelia",0.578,0.0797,6,-20.262,0,0.132,0.985,0,0.414,0.649,126.255,4
spotify:track:33nC3j5i3JWCxJqUCDFaYO,"Les Fines","Saint Cyr","Chorale De Saint Cyr",2003-11-01,114546,9,true,azvwtt6iohg3hran3hxv47xn6,2026-02-10T10:31:46Z,"","Corelia",0.431,0.273,1,-18.17,1,0.261,0.949,0,0.066,0.553,147.854,5
spotify:track:6vq2bhl4H5TPwZisCaNaxr,"L Arrivee Du Pere Systeme","Saint Cyr","Chorale De Saint Cyr",2003-11-01,106013,6,false,azvwtt6iohg3hran3hxv47xn6,2026-02-10T10:31:46Z,"","Corelia",0.576,0.173,2,-11.941,0,0.0414,0.932,0.942,0.112,0.142,111.819,4
spotify:track:3zBuRk3A7m2agWxQS8dEWJ,"Texte 4","Saint Cyr","Chorale De Saint Cyr",2003-11-01,43933,6,true,azvwtt6iohg3hran3hxv47xn6,2026-02-10T10:31:46Z,"","Corelia",0.537,0.223,10,-16.721,0,0.224,0.878,0.000126,0.113,0.962,86.716,4
spotify:track:1pR3i8d9vYhlNXyv7fo8Oy,"Les Casos","Saint Cyr","Chorale De Saint Cyr",2003-11-01,189773,17,true,azvwtt6iohg3hran3hxv47xn6,2026-02-10T10:31:46Z,"","Corelia",0.511,0.0723,8,-15.493,1,0.0685,0.992,0,0.146,0.532,122.992,4
spotify:track:1ebehG31J4sfRWa5jYe7Xp,"Marche Des Bonnets A Poils","Saint Cyr","Chorale De Saint Cyr",2003-11-01,240440,7,false,azvwtt6iohg3hran3hxv47xn6,2026-02-10T10:31:46Z,"","Corelia",0.749,0.428,10,-11.785,1,0.0642,0.98,0.921,0.276,0.798,92.355,4
spotify:track:190M0RkcqhunodKE5ceQxw,"Texte 5","Saint Cyr","Chorale De Saint Cyr",2003-11-01,26400,0,true,azvwtt6iohg3hran3hxv47xn6,2026-02-10T10:31:46Z,"","Corelia",0.444,0.197,4,-16.789,1,0.0699,0.806,0.000146,0.184,0.623,85.422,1
spotify:track:5En2aEUvGVxkBCPoKvEZe3,"Le Pekin De Bahut","Saint Cyr","Chorale De Saint Cyr",2003-11-01,245560,18,true,azvwtt6iohg3hran3hxv47xn6,2026-02-10T10:31:46Z,"","Corelia",0.351,0.0374,0,-18.234,1,0.0616,0.986,0,0.163,0.275,90.702,3
spotify:track:0j90iUbx0wFxsMFDVB7R1q,"L Ours","Saint Cyr","Chorale De Saint Cyr",2003-11-01,140786,7,true,azvwtt6iohg3hran3hxv47xn6,2026-02-10T10:31:46Z,"","Corelia",0.589,0.0353,9,-21.265,0,0.0712,0.988,0,0.108,0.642,110.378,3
spotify:track:2EwBEs3XUPI0IRAb4SrNAU,"Texte 6","Saint Cyr","Chorale De Saint Cyr",2003-11-01,33186,5,true,azvwtt6iohg3hran3hxv47xn6,2026-02-10T10:31:46Z,"","Corelia",0.561,0.291,3,-19.188,1,0.153,0.785,0,0.361,0.572,140.448,4
spotify:track:6mnOScXMwggPQvBL6C2RjM,"La Marseillaise","Saint Cyr","Chorale De Saint Cyr",2003-11-01,193933,44,true,azvwtt6iohg3hran3hxv47xn6,2026-02-10T10:31:46Z,"","Corelia",0.348,0.142,7,-15.43,1,0.0387,0.992,0.0166,0.239,0.284,110.81,4
spotify:track:5MoHarzQbXha0RAe4nDkDg,"Saint Cyr","Saint Cyr","Chorale De Saint Cyr",2003-11-01,239773,18,false,azvwtt6iohg3hran3hxv47xn6,2026-02-10T10:31:46Z,"","Corelia",0.759,0.296,10,-14.397,1,0.0807,0.969,0.97,0.21,0.596,115.774,4
spotify:track:6hsxD3QIHku0rZHCAegfac,"Texte 7","Saint Cyr","Chorale De Saint Cyr",2003-11-01,48173,6,true,azvwtt6iohg3hran3hxv47xn6,2026-02-10T10:31:46Z,"","Corelia",0.576,0.261,0,-18.546,0,0.264,0.826,0,0.124,0.739,98.469,3
spotify:track:4WDM6uB4BoT8StJhU3YsbD,"Chant De La Promotion Du Bicentenaire De Saint Cyr","Saint Cyr","Chorale De Saint Cyr",2003-11-01,254373,25,true,azvwtt6iohg3hran3hxv47xn6,2026-02-10T10:31:46Z,"","Corelia",0.396,0.0745,9,-15.265,1,0.0425,0.993,0,0.2,0.294,122.203,4
spotify:track:0cPu7ArXQuqN46K2eL9RHk,"Le Lion Est Mort","Saint Cyr","Chorale De Saint Cyr",2003-11-01,214453,21,true,azvwtt6iohg3hran3hxv47xn6,2026-02-10T10:31:46Z,"","Corelia",0.447,0.222,5,-17.402,1,0.049,0.993,0.0613,0.103,0.528,62.25,4
spotify:track:3YTUgFa6067yNgbh5iWaY8,"Le Pekin De Bahut 1952","Saint Cyr","Chorale De Saint Cyr",2003-11-01,203853,5,true,azvwtt6iohg3hran3hxv47xn6,2026-02-10T10:31:46Z,"","Corelia",0.493,0.0735,1,-20.307,1,0.0648,0.982,0.0000168,0.1,0.271,98.527,4
spotify:track:5dpZYZOr1KvNHEFlcD6BnG,"Funny How Time Slips Away","Country Hits...Feelin' Blue","Tennessee Ernie Ford",1964-06-01,190685,32,false,azvwtt6iohg3hran3hxv47xn6,2026-02-10T10:36:21Z,"country cristiano,country clásico","Capitol Records",0.503,0.193,0,-13.834,1,0.0451,0.78,0.000286,0.0853,0.265,72.438,4
spotify:track:2FLg9baXsufxmXCJzoeUjA,"Lorena","Songs Of The Civil War","Tennessee Ernie Ford",1961-07-10,256200,26,false,azvwtt6iohg3hran3hxv47xn6,2026-02-10T10:36:39Z,"country cristiano,country clásico","Liberty Records",0.305,0.155,2,-13.384,1,0.0406,0.896,0.0000104,0.174,0.252,176.572,3
spotify:track:7Ck93ppNFpyaOQoDU39oOw,"Riding A Raid","Songs Of The Civil War","Tennessee Ernie Ford",1961-07-10,169426,28,false,azvwtt6iohg3hran3hxv47xn6,2026-02-10T10:36:39Z,"country cristiano,country clásico","Liberty Records",0.889,0.486,8,-9.256,1,0.068,0.832,0,0.0547,0.962,114.899,1
spotify:track:5vaDvYnaNNtFOvEa5OaBSr,"Maryland, My Maryland","Songs Of The Civil War","Tennessee Ernie Ford",1961-07-10,195866,26,false,azvwtt6iohg3hran3hxv47xn6,2026-02-10T10:36:39Z,"country cristiano,country clásico","Liberty Records",0.323,0.175,10,-11.569,1,0.0375,0.968,0.000142,0.11,0.46,172.082,3
spotify:track:5Cf1iBQ3bHRe4TsB452jqw,"Goober Peas","Songs Of The Civil War","Tennessee Ernie Ford",1961-07-10,197266,34,false,azvwtt6iohg3hran3hxv47xn6,2026-02-10T10:36:39Z,"country cristiano,country clásico","Liberty Records",0.814,0.406,5,-10.452,1,0.0444,0.478,0,0.146,0.768,109.458,4
spotify:track:56nVD7ZftxmzHxQfsLmZGX,"I Can Whip The Scoundrel","Songs Of The Civil War","Tennessee Ernie Ford",1961-07-10,125906,31,false,azvwtt6iohg3hran3hxv47xn6,2026-02-10T10:36:39Z,"country cristiano,country clásico","Liberty Records",0.83,0.659,5,-11.117,1,0.0819,0.352,0,0.0918,0.952,114.625,4
spotify:track:4nLevTaWSH6Gep2aBfztws,"The Rebel Soldier","Songs Of The Civil War","Tennessee Ernie Ford",1961-07-10,224666,24,false,azvwtt6iohg3hran3hxv47xn6,2026-02-10T10:36:39Z,"country cristiano,country clásico","Liberty Records",0.363,0.0961,7,-14.823,0,0.0365,0.982,0.000956,0.152,0.155,128.688,4
spotify:track:2vIymAeH6IQkJ1N1S1AkWz,"The Southern Wagon","Songs Of The Civil War","Tennessee Ernie Ford",1961-07-10,185040,33,false,azvwtt6iohg3hran3hxv47xn6,2026-02-10T10:36:39Z,"country cristiano,country clásico","Liberty Records",0.716,0.691,0,-8.643,1,0.0704,0.332,0,0.183,0.851,116.414,4
spotify:track:2ygTYel0FhWRTOHSaseMg2,"Flight Of Doodles","Songs Of The Civil War","Tennessee Ernie Ford",1961-07-10,137426,26,false,azvwtt6iohg3hran3hxv47xn6,2026-02-10T10:36:39Z,"country cristiano,country clásico","Liberty Records",0.75,0.595,10,-8.271,1,0.0987,0.746,0,0.341,0.969,112.074,4
spotify:track:2d0hMBvtI7u8BXxbieOMJk,"Virginia's Bloody Soil","Songs Of The Civil War","Tennessee Ernie Ford",1961-07-10,274706,26,false,azvwtt6iohg3hran3hxv47xn6,2026-02-10T10:36:39Z,"country cristiano,country clásico","Liberty Records",0.483,0.139,10,-13.257,0,0.0794,0.969,0.00000133,0.162,0.321,92.326,3
spotify:track:1h6aiirFUxVpj11fdukMve,"The Why And The Wherefore","Songs Of The Civil War","Tennessee Ernie Ford",1961-07-10,134426,29,false,azvwtt6iohg3hran3hxv47xn6,2026-02-10T10:36:39Z,"country cristiano,country clásico","Liberty Records",0.864,0.418,1,-8.963,1,0.075,0.817,0,0.0884,0.691,92.005,4
spotify:track:0vmVxzVL2pVdPEOWZd9d09,"The Vacant Chair","Songs Of The Civil War","Tennessee Ernie Ford",1961-07-10,256040,22,false,azvwtt6iohg3hran3hxv47xn6,2026-02-10T10:36:39Z,"country cristiano,country clásico","Liberty Records",0.46,0.133,7,-15.676,1,0.0449,0.872,0.00000754,0.297,0.287,95.397,3
spotify:track:0DrEtFfTtROBmvaVzGAWq2,"The New York Volunteer","Songs Of The Civil War","Tennessee Ernie Ford",1961-07-10,126933,30,false,azvwtt6iohg3hran3hxv47xn6,2026-02-10T10:36:39Z,"country cristiano,country clásico","Liberty Records",0.842,0.521,2,-8.31,1,0.197,0.755,0,0.0836,0.901,103.82,4
spotify:track:7lHzIAof5IdmrJuNsMOk2I,"The Faded Coat Of Blue","Songs Of The Civil War","Tennessee Ernie Ford",1961-07-10,272066,22,false,azvwtt6iohg3hran3hxv47xn6,2026-02-10T10:36:39Z,"country cristiano,country clásico","Liberty Records",0.415,0.0941,0,-14.877,1,0.0374,0.963,0.0000012,0.108,0.168,92.503,3
spotify:track:0gETf8m108zVBNXoyAxXD4,"Just Before The Battle, Mother","Songs Of The Civil War","Tennessee Ernie Ford",1961-07-10,168333,22,false,azvwtt6iohg3hran3hxv47xn6,2026-02-10T10:36:39Z,"country cristiano,country clásico","Liberty Records",0.467,0.322,11,-13.464,1,0.0614,0.888,0.00000532,0.37,0.411,114.797,5
spotify:track:2jYC3ucLOuHPIVep849g6S,"It's a Long Way to Tipperary","Remembrance","Nathan Lay",2017-10-03,180973,35,false,azvwtt6iohg3hran3hxv47xn6,2026-02-10T10:37:00Z,"","Sony Music Australia",0.805,0.701,2,-4.895,1,0.0477,0.71,0,0.0763,0.929,113.718,4
spotify:track:3AYHlS6n5jZAwEpqtHTEKA,"Rule, Britannia!","Britannia","Thomas Arne;Royal Philharmonic Orchestra;Brighton Festival Chorus;Carl Davis",1997-12-01,159066,36,false,azvwtt6iohg3hran3hxv47xn6,2026-02-10T10:37:04Z,"minimal techno,barroca,orquestal,clásica,ópera","Sound Recording Technology",0.202,0.456,10,-8.903,1,0.0336,0.826,0.247,0.144,0.619,168.981,4
spotify:track:3fQohXV48lnvwbUP36pAE9,"The Battle Hymn of the Republic","American Chorale Classics","Robert Shaw",2010-11-09,329200,11,false,azvwtt6iohg3hran3hxv47xn6,2026-02-10T10:37:10Z,"salomas,coral","Classic Music International",0.41,0.217,3,-16.143,1,0.037,0.971,0.00111,0.0833,0.35,90.508,4
spotify:track:0YjH8EarVDynE6LEynQ2R8,"Pack Up Your Troubles in Your Old Kit-Bag, and Smile, Smile, Smile","Remembrance","Nathan Lay",2017-10-03,188440,28,false,azvwtt6iohg3hran3hxv47xn6,2026-02-10T10:37:15Z,"","Sony Music Australia",0.743,0.671,7,-4.016,1,0.0355,0.485,0.0000277,0.154,0.728,114.126,4
spotify:track:4m5RWavCyZF2qNNg6B2oOe,"The Star Spangled Banner","Songs Of The Soldier","US Army Chorus",2006-07-15,78360,38,false,azvwtt6iohg3hran3hxv47xn6,2026-02-10T10:42:44Z,"","Altissimo!",0.322,0.353,3,-12.03,1,0.0432,0.993,0,0.267,0.636,103.275,4
spotify:track:4ay8VFA5c950OnXHNEmwfY,"All-American Soldier","Songs Of The Soldier","US Army Chorus",2006-07-15,88333,15,false,azvwtt6iohg3hran3hxv47xn6,2026-02-10T10:42:44Z,"","Altissimo!",0.683,0.475,8,-8.35,1,0.0481,0.994,0.0192,0.0907,0.783,120.596,4
spotify:track:3Evg5MvNrI0BDSwzMTYDTo,"The Screaming Eagles","Songs Of The Soldier","US Army Chorus",2006-07-15,89600,18,false,azvwtt6iohg3hran3hxv47xn6,2026-02-10T10:42:44Z,"","Altissimo!",0.67,0.287,8,-8.823,1,0.0308,0.99,0.0000382,0.0827,0.773,119.534,4
spotify:track:2f2tMm93aCKgA4Ziw0HZeg,"The Big Red One","Songs Of The Soldier","US Army Chorus",2006-07-15,80306,11,false,azvwtt6iohg3hran3hxv47xn6,2026-02-10T10:42:44Z,"","Altissimo!",0.683,0.35,8,-8.955,1,0.0282,0.989,0.000262,0.105,0.838,108.377,4
spotify:track:1SSpCTs0sVkzlip8ED2hpz,"The Warrior March","Songs Of The Soldier","US Army Chorus",2006-07-15,81026,8,false,azvwtt6iohg3hran3hxv47xn6,2026-02-10T10:42:44Z,"","Altissimo!",0.783,0.356,7,-9.464,1,0.0305,0.993,0.0000153,0.103,0.938,108.163,4
spotify:track:74dexcv81EjIA9ZOjUySBc,"Dogface Soldier","Songs Of The Soldier","US Army Chorus",2006-07-15,67533,14,false,azvwtt6iohg3hran3hxv47xn6,2026-02-10T10:42:44Z,"","Altissimo!",0.646,0.504,5,-7.421,1,0.0351,0.989,0,0.17,0.865,99.225,1
spotify:track:48GvjSYqak0y6dcCfa5TNn,"The Old Guard March","Songs Of The Soldier","US Army Chorus",2006-07-15,119040,10,false,azvwtt6iohg3hran3hxv47xn6,2026-02-10T10:42:44Z,"","Altissimo!",0.653,0.429,1,-9.049,1,0.0271,0.989,0.00000189,0.0855,0.812,110.024,4
spotify:track:3Iau4fq3kmOFMqcoquVYLI,"Mechanized March","Songs Of The Soldier","US Army Chorus",2006-07-15,49133,6,false,azvwtt6iohg3hran3hxv47xn6,2026-02-10T10:42:44Z,"","Altissimo!",0.684,0.285,0,-7.886,1,0.0384,0.989,0.000502,0.177,0.819,119.168,4
spotify:track:3D4nURO372DEzGTtLJ7A8f,"Climb to Glory","Songs Of The Soldier","US Army Chorus",2006-07-15,53293,9,false,azvwtt6iohg3hran3hxv47xn6,2026-02-10T10:42:44Z,"","Altissimo!",0.637,0.379,3,-7.007,1,0.0366,0.992,0.0206,0.195,0.602,111.464,4
spotify:track:6KvfS1QOSGDW1HbK2ie97q,"Tropic Lightning","Songs Of The Soldier","US Army Chorus",2006-07-15,80733,8,false,azvwtt6iohg3hran3hxv47xn6,2026-02-10T10:42:44Z,"","Altissimo!",0.77,0.277,0,-8.805,1,0.0286,0.994,0.121,0.116,0.771,108.851,3
spotify:track:11ZWuPF1NnTpq61FTxfORB,"Iron Soldier March","Songs Of The Soldier","US Army Chorus",2006-07-15,50933,10,false,azvwtt6iohg3hran3hxv47xn6,2026-02-10T10:42:44Z,"","Altissimo!",0.353,0.38,8,-7.976,1,0.0507,0.985,0.00000187,0.156,0.659,207.428,4
spotify:track:7iurXprg2rqS9yH1ektHMI,"Garry Owen","Songs Of The Soldier","US Army Chorus",2006-07-15,127706,20,false,azvwtt6iohg3hran3hxv47xn6,2026-02-10T10:42:44Z,"","Altissimo!",0.583,0.313,6,-10.097,1,0.0409,0.986,0.00000221,0.127,0.744,127.392,3
spotify:track:0l9aSvJahhkGRAS4U6EXJP,"Allons! Allons!","Songs Of The Soldier","US Army Chorus",2006-07-15,81026,10,false,azvwtt6iohg3hran3hxv47xn6,2026-02-10T10:42:44Z,"","Altissimo!",0.588,0.666,5,-8.251,1,0.0396,0.988,0.0000417,0.0558,0.754,106.059,3
spotify:track:2eJYosMljAhrURIHt3m20g,"Hit The Leather","Songs Of The Soldier","US Army Chorus",2006-07-15,140640,8,false,azvwtt6iohg3hran3hxv47xn6,2026-02-10T10:42:44Z,"","Altissimo!",0.657,0.445,5,-9.254,1,0.0298,0.992,0.00362,0.128,0.623,109.72,4
spotify:track:4Vv1IZIZ6zvR2ZwG8vHIXd,"Yellow Ribbon","Songs Of The Soldier","US Army Chorus",2006-07-15,76826,20,false,azvwtt6iohg3hran3hxv47xn6,2026-02-10T10:42:44Z,"","Altissimo!",0.652,0.47,3,-9.219,1,0.04,0.992,0.00132,0.124,0.79,115.554,4
spotify:track:6Ay4wG8r0cCJbs90kzQ4Rz,"Mountain Battery","Songs Of The Soldier","US Army Chorus",2006-07-15,115333,10,false,azvwtt6iohg3hran3hxv47xn6,2026-02-10T10:42:44Z,"","Altissimo!",0.625,0.447,10,-10.301,1,0.0349,0.993,0.000692,0.145,0.918,98.172,4
spotify:track:6dHzlfNvjhRdGIlmt2Tjh0,"The Corps","Songs Of The Soldier","US Army Chorus",2006-07-15,171266,5,false,azvwtt6iohg3hran3hxv47xn6,2026-02-10T10:42:44Z,"","Altissimo!",0.255,0.188,3,-16.32,1,0.0402,0.994,0.00000286,0.185,0.146,161.166,5
spotify:track:6OVm6zkBuFvSRemOqiK671,"Benny Havens, Oh!","Songs Of The Soldier","US Army Chorus",2006-07-15,225173,7,false,azvwtt6iohg3hran3hxv47xn6,2026-02-10T10:42:44Z,"","Altissimo!",0.176,0.033,0,-25.628,1,0.0445,0.966,0.000317,0.121,0.0744,77.777,1
spotify:track:0wLHy10dsz4jOhVuEeP5Zn,"Yankee Doodle","Songs Of The Soldier","US Army Chorus",2006-07-15,97600,21,false,azvwtt6iohg3hran3hxv47xn6,2026-02-10T10:42:44Z,"","Altissimo!",0.825,0.389,10,-15.209,1,0.0508,0.696,0.00000411,0.0705,0.918,92.321,4
spotify:track:7ecHY5jmGpqf9gwj0UcUbe,"Arirang","Songs Of The Soldier","US Army Chorus",2006-07-15,88893,6,false,azvwtt6iohg3hran3hxv47xn6,2026-02-10T10:42:44Z,"","Altissimo!",0.172,0.066,7,-26.233,1,0.0602,0.946,0.0113,0.101,0.14,167.319,3
spotify:track:18bvQdRC0ht5OZkI514gIn,"The Ballad Of The Green Barets","Songs Of The Soldier","US Army Chorus",2006-07-15,196240,9,false,azvwtt6iohg3hran3hxv47xn6,2026-02-10T10:42:44Z,"","Altissimo!",0.322,0.286,10,-9.671,0,0.0319,0.976,0.0446,0.0926,0.335,74.346,3
spotify:track:2iUqjFoPeFOSh9wypJ8Eb5,"Here Come The Engineers","Songs Of The Soldier","US Army Chorus",2006-07-15,86093,9,false,azvwtt6iohg3hran3hxv47xn6,2026-02-10T10:42:44Z,"","Altissimo!",0.605,0.444,3,-7.965,1,0.028,0.984,0.0000949,0.0914,0.789,109.108,4
spotify:track:4QtQ9lgOo3fY3GOHQ0IusY,"Auld Lang Syne","Songs Of The Soldier","US Army Chorus",2006-07-15,112573,7,false,azvwtt6iohg3hran3hxv47xn6,2026-02-10T10:42:44Z,"","Altissimo!",0.252,0.207,8,-19.723,1,0.0697,0.992,0.0000238,0.0804,0.156,74.544,5
spotify:track:0aCtkuu7bWmWGkqQBtQYDl,"The Battle Hymn Of The Republic","Songs Of The Soldier","US Army Chorus",2006-07-15,308426,14,false,azvwtt6iohg3hran3hxv47xn6,2026-02-10T10:42:44Z,"","Altissimo!",0.297,0.204,10,-12.288,1,0.0328,0.989,0.00209,0.09,0.166,102.262,4
spotify:track:08DhpcbFywMX5TInWMis07,"The Army Song","Songs Of The Soldier","US Army Chorus",2006-07-15,44600,25,false,azvwtt6iohg3hran3hxv47xn6,2026-02-10T10:42:44Z,"","Altissimo!",0.593,0.533,0,-6.678,1,0.0417,0.983,0.0000092,0.224,0.736,121.077,4
spotify:track:17vUSVI5hTDh9RtxSe4O16,"Tonight You Belong to Me","Patience & Prudence","Patience;Prudence",2013-01-10,112506,55,false,azvwtt6iohg3hran3hxv47xn6,2026-02-11T07:18:14Z,"rock noruego,pop noruego","Classic Records",0.706,0.217,10,-10.458,0,0.0336,0.883,0,0.125,0.815,108.207,4
spotify:track:0vFQrJYxkVHKdrpSAeNBkZ,"Sugarfoot Rag","The Country Music Hall Of Fame","Red Foley;Hank Garland",1991-01-01,147000,26,false,azvwtt6iohg3hran3hxv47xn6,2026-02-11T17:12:38Z,"country clásico,country tradicional,honky tonk,country cristiano","Geffen*",0.759,0.513,3,-11.74,1,0.0409,0.749,0.00395,0.0881,0.969,114.08,4
spotify:track:5slc0j5h3POUDcT3YhUYZg,"(There'll Be) Peace In The Valley (For Me)","The Country Music Hall Of Fame","Red Foley;The Sunshine Boys",1991-01-01,194026,35,false,azvwtt6iohg3hran3hxv47xn6,2026-02-11T17:12:49Z,"country clásico,country tradicional,honky tonk,country cristiano,southern gospel,bluegrass cristiano","Geffen*",0.579,0.0751,1,-15.319,1,0.0322,0.956,0,0.142,0.375,70.746,3
spotify:track:41IFBwu5ZrVeEI6NEDDpoh,"Yodeling Radio Joe","The Lone Cowboy","Red Foley",2021-03-26,188640,31,false,azvwtt6iohg3hran3hxv47xn6,2026-02-11T17:12:55Z,"country clásico,country tradicional,honky tonk,country cristiano","Night Train",0.659,0.376,8,-12.213,1,0.0601,0.959,0.00000129,0.121,0.888,111.889,4
spotify:track:1ny4Kuc8tRpVrndrbHSvJ8,"Tennessee Border","The Country Music Hall Of Fame","Red Foley",1991-01-01,164760,31,false,azvwtt6iohg3hran3hxv47xn6,2026-02-11T17:13:01Z,"country clásico,country tradicional,honky tonk,country cristiano","Geffen*",0.74,0.263,11,-14.268,1,0.0319,0.905,0.00000148,0.076,0.793,104.958,4
spotify:track:7L2gL3oblbjW7H3bBhE54f,"(I Got Spurs That) Jingle, Jangle, Jingle","Hello, Elmer","Kay Kyser",1956-02-02,200053,2,false,azvwtt6iohg3hran3hxv47xn6,2026-02-11T17:15:59Z,"big band,swing","Dusty Wave Music",0.718,0.268,5,-11.084,1,0.0424,0.98,0.000598,0.0611,0.839,92.536,4
spotify:track:3Q5YdcDheaR62ZWX6zYOnS,"Jingle, Jangle, Jingle - Alternate Take","Hello, Elmer","Kay Kyser",1956-02-02,199573,0,false,azvwtt6iohg3hran3hxv47xn6,2026-02-11T17:16:05Z,"big band,swing","Dusty Wave Music",0.71,0.224,5,-12.152,1,0.041,0.972,0.000697,0.0508,0.831,93.962,4
spotify:track:6PfhC4ljh5Hvgt8YnMMxMv,"Praise the Lord and Pass the Ammunition","Hello, Elmer","Kay Kyser;Glee Club",1956-02-02,151586,0,false,azvwtt6iohg3hran3hxv47xn6,2026-02-11T17:16:12Z,"big band,swing","Dusty Wave Music",0.622,0.302,7,-9.131,1,0.036,0.917,0.000888,0.108,0.761,130.512,4
spotify:track:75B4Tpr9fcQGXXuFZxcAMU,"(There'll be Bluebirds Over) the White Cliffs of Dover","Hello, Elmer","Kay Kyser;Harry Babbitt;Glee Club",1956-02-02,156186,0,false,azvwtt6iohg3hran3hxv47xn6,2026-02-11T17:16:21Z,"big band,swing","Dusty Wave Music",0.302,0.104,0,-13.677,1,0.0309,0.981,0.000117,0.245,0.275,84.162,4
spotify:track:6oLU4nLrw9kVIeFiTOAtH1,"(I Got Spurs) Jingle Jangle Jingle","Bandleader","Kay Kyser",2021-06-04,198440,41,false,azvwtt6iohg3hran3hxv47xn6,2026-02-11T17:16:30Z,"big band,swing","Detour Ahead",0.708,0.294,5,-12.36,1,0.0493,0.768,0,0.0616,0.782,94.703,4
spotify:track:1yjJ2QqD4iYHOytxeTJmkY,"Why Don't We Do This More Often","A Strict Education in Music","Kay Kyser;Ginny Simms",2002,161640,9,false,azvwtt6iohg3hran3hxv47xn6,2026-02-11T17:19:35Z,"big band,swing","Jasmine Records",0.716,0.0676,0,-16.805,0,0.0812,0.987,0.0134,0.11,0.497,107.034,4
spotify:track:0gUWmmCQAhn7XjNUJuhOfV,"On a Slow Boat to China","That's for Me","Kay Kyser;Gloria Wood;Harry Babbitt",2011,200194,2,false,azvwtt6iohg3hran3hxv47xn6,2026-02-11T17:19:40Z,"big band,swing","Valuable Records",0.486,0.255,7,-7.418,1,0.0406,0.805,0.00000874,0.182,0.624,167.672,4
spotify:track:2qEpF1XwWGOH7UfTOdoePI,"Who Wouldn't Love You","Hello, Elmer","Kay Kyser",1956-02-02,161053,0,false,azvwtt6iohg3hran3hxv47xn6,2026-02-11T17:19:43Z,"big band,swing","Dusty Wave Music",0.86,0.171,7,-13.194,0,0.45,0.976,0.0663,0.189,0.655,114.517,4
spotify:track:1PsPrvCr7uu4Btg5vLXZBE,"A zoot suit","Kay Kyser At His Best","Kay Kyser & His Orchestra;Kay Kyser",1929,185391,21,false,azvwtt6iohg3hran3hxv47xn6,2026-02-11T17:19:55Z,"big band,swing","Guardian Music",0.654,0.198,5,-14.297,1,0.0734,0.865,0.000463,0.115,0.876,175.885,4
spotify:track:61nff5BVmf1xJRwFaHaMv6,"Heil Hitler, Ja! Ja! Ja!","Britain At War","Ronald Frankau",2000-01-01,174383,39,false,azvwtt6iohg3hran3hxv47xn6,2026-02-13T20:01:09Z,"","Leverage",0.707,0.17,3,-21.46,1,0.352,0.978,0,0.144,0.656,83.131,4
spotify:track:61NcooPUwSPSwSyzF8UfYv,"Erika","Chants traditionnels des soldats allemands - Traditional German Soldiers' Songs","Varios Artistas",2010-06-15,197825,50,false,azvwtt6iohg3hran3hxv47xn6,2026-02-13T20:01:24Z,"","Isis",0.581,0.341,0,-19.044,0,0.0326,0.993,0.814,0.217,0.346,113.867,4
spotify:track:4k8PauvBvsImOactnOaRNL,"Himno de los Tercios","Águila Roja (Música Original de la Serie)","Daniel Sánchez de la Hera",2016-09-30,111555,40,false,azvwtt6iohg3hran3hxv47xn6,2026-02-13T20:01:32Z,"","Globomedia",0.611,0.559,2,-13.007,0,0.0977,0.644,0,0.36,0.292,89.63,4
spotify:track:5WRHyAd0zzSublB5PZTLXL,"Das SS Lied","Satanic Jesus at War over Beer","Military Church of Satan",2023-04-01,47554,14,false,azvwtt6iohg3hran3hxv47xn6,2026-02-13T20:01:38Z,"","Vomit Arcanus Productions",0.343,0.304,9,-11.423,1,0.0352,0.987,0.868,0.661,0.623,183.127,3
